{"cameraMode":{"drawMode":0,"name":"Shaded","section":"Shading Mode"},"sceneLighting":false,"audioPlay":false,"sceneViewState":{"m_AlwaysRefresh":false,"showFog":true,"showSkybox":true,"showFlares":true,"showImageEffects":true,"showParticleSystems":true,"showVisualEffectGraphs":true,"m_FxEnabled":true},"in2DMode":false,"pivot":{"x":41.23796844482422,"y":10.80299186706543,"z":-63.99529266357422},"rotation":{"x":0.15000173449516297,"y":-0.27333077788352969,"z":0.042816001921892169,"w":0.9493992924690247},"size":2.4687728881835939,"orthographic":false}