{"cameraMode":{"drawMode":0,"name":"Shaded","section":"Shading Mode"},"sceneLighting":false,"audioPlay":false,"sceneViewState":{"m_AlwaysRefresh":false,"showFog":true,"showSkybox":true,"showFlares":true,"showImageEffects":true,"showParticleSystems":true,"showVisualEffectGraphs":true,"m_FxEnabled":true},"in2DMode":false,"pivot":{"x":2.487661361694336,"y":0.7367873787879944,"z":-0.10573515295982361},"rotation":{"x":0.07642368972301483,"y":0.7576241493225098,"z":-0.09020032733678818,"w":0.6419005393981934},"size":1.1965622901916505,"orthographic":true}