{"cameraMode":{"drawMode":0,"name":"Shaded","section":"Shading Mode"},"sceneLighting":true,"audioPlay":false,"sceneViewState":{"m_AlwaysRefresh":false,"showFog":true,"showSkybox":true,"showFlares":true,"showImageEffects":true,"showParticleSystems":true,"showVisualEffectGraphs":true,"m_FxEnabled":true},"in2DMode":false,"pivot":{"x":-9.30371379852295,"y":0.7989705801010132,"z":3.9462671279907228},"rotation":{"x":0.05528136342763901,"y":0.8911572694778442,"z":-0.11286251246929169,"w":0.4360988140106201},"size":0.8761695027351379,"orthographic":false}