{"cameraMode":{"drawMode":0,"name":"Shaded","section":"Shading Mode"},"sceneLighting":true,"audioPlay":false,"sceneViewState":{"m_AlwaysRefresh":false,"showFog":true,"showSkybox":true,"showFlares":true,"showImageEffects":true,"showParticleSystems":true,"showVisualEffectGraphs":true,"m_FxEnabled":true},"in2DMode":false,"pivot":{"x":-0.4069954752922058,"y":1.7149001359939576,"z":1.8550478219985963},"rotation":{"x":-0.08662261813879013,"y":0.07852644473314285,"z":-0.006880235858261585,"w":-0.9931904673576355},"size":2.36602520942688,"orthographic":false}